User_ID,Admin_Role,Date_Unblock
U-286,User,2021-06-09
U-73,Global,2021-04-24
U-217,Support,2021-10-23
U-87,Senior,2021-04-01
U-57,HR,2021-03-04
U-216,General,2021-03-25
U-199,Support,2021-07-21
U-228,Technical,2021-10-23
U-30,Global,2021-03-09
U-154,Financial,2021-07-09
U-17,User,2021-10-12
U-223,Advertisement,2021-06-25
U-165,Technical,2021-03-07
U-291,HR,2021-09-23
U-148,Premium,2021-11-16
U-81,Premium,2021-09-01
U-279,Premium,2021-02-04
U-101,Global,2021-07-25
U-271,Support,2021-04-26
U-36,Financial,2021-08-17
