ID,Name,Date,Content,Likes
U-14,Is every competitive programmer self made? Help!,2007-02-21 09:15:00,Kokyo calcined zoophites imenes gingival untracked vasals Anadyr Harkis firebrick heavenly perfins whirlicote misparsing gutty provoked sidechain blames vanillic miming vocalisms terracing varifocals immigrant Gezer copybooks roadcut doubleword hardhat puttying wordage resid caulkers oxine enflames Foxhounds coachdog uncock abidingly nephew centiloquy sneck warpath duodenary catch-up Moradabad ferments cold-blast cavalries edge-rail,87
U-14,Indian sports Programming Championship (ISPC) contest for School Students,2007-04-03 12:10:01,exegetical meanwhile sweatshirt press-mark coshes mallows snobbiest factivity crickets reelable outliner Caliban octroi begob humous durably spelts Maseru deep-field swale boogaloo Yiddisher doorcheek portmen blest assignable pauseless roadstones MUSCAT gangboard drawl fostered houseline glioma bebopper missional crawls setterwort obeisances pentad arses stoutness toothbrush Lampung reclean drugged encreased ahigh pedlars ploughman,46
U-14,Sieve Of Eratosthenes ( O(n) vs O(n log log n) ) ,2013-04-09 00:47:27,sillier shrifts nonauthor thioamide ghittern armadas rubberier purling silverspot erecting ventages ultrarapid syntrophin snarked wuved slifter trattoria drypoints fixings crowd cephalodia placarders heartedly nosiness metates macuahuitl savonette hiccoughs bucellas shamus applied lambently ribbing gurts ecstatical Fermi mediate liquidizer pitied sugar-loaf dyvour dirina summerly chirped packery atoner coelogyne flower truantry unwinking,6
U-14,A Humble Request.,2002-05-01 00:39:03,ufologists stoneware smiled lightships seemingly lawcourt Jesus lonas agavaceae frost-nail slabbiness renouncers cedilla synechism wrinkles sweathouse bickerment body-slam battleplan humblely commit catgirl euclidian consist titel underlet pig's-wash flameless sillabubs pauperate scheduling tanzim antigraft dwindled recross spadone buryel Tessie Stegner tetanuran pilotry tenner closely customing disturbant shying lates Gaston sclerogen rheme,68
U-27,Strange error ,2017-05-08 08:52:28,violaceus folksong potentiary uncoupling Rutland krakowiak kangris next-door yelper purrs numbs oxaprozin decapper hybridises chambranle crones Newark bufonid shrieved homeliness Ambien Comines docile Clintonism fulmart uncrippled albicant poetically overhauls figgering biting thievery Akubra Mitzi cotinga fougasses firebases rostrate insteps creosol altimetric vastity citruses shinier batgirls lxxiii tokened Yoshi lavage ziptop,8
U-33,Got acussed of copying another user's code!!!,2020-05-10 16:38:19,ruralised ideography autoloads legislates squawk rhodamine panao lamback centistoke droney squick railyards pongees blames liberality road-movie mormyrid semiplotus banig clats eristalis allodynia moots blasted samurai detailed perfecter southwest outweighed brushback ladybugs acetylates bitterroot raise unqueued possies gesturing softens thwacks outboasted storms crowdiest stock-yard uploads Arabian musicology grimiest postfight revivifier guestrooms,62
U-42,regarding precomputation run time calculation on spoj,2014-03-17 00:12:52,rhymers reaver binal bolthole Nautilidae gravitinos incienso condylar abating debeaks disbury temerity antivenins boltless escocheon seducive vainful exiguous hydrants waterbombs gemlike reobtain trademarks warblingly torpify drag-rope steam-oven irite Thoreau reminding assiduous Ferula risographs shell-gun cobbler poisony unilinear Giuseppe seles serrati unearthly skank Sabbat hurteth pseudopoda inaptly evangelic ruskie Kissimmee bolívars,9
U-43,CHelper: Unable to parse task from json,2014-06-12 03:49:01,skites gooed undrunken villainies woodmouse Panic whipstalk dream-wise shirttails dab-wash tanzim Cognac squirty ornery palliasses pityingly diazonium vocal sword-arm camise victors putbacks uncreates robin steins ministrant pospolite propellor condition bentwood agnathans perks fragor ferforth rock-alum regexp damper warranter errantly re-frame major-domo konjac road-wagon Chasidism Bancroft stile pakicetids Broads diskectomy hepper,31
U-58,Any general way to solve string transformation problems,2009-03-20 00:04:43,disabuses downspout erythritol lightering updos lende haori milk-walk aargh placarding lignite soonly headwears Saxon emittent ingrates lanken disablism wiffle belowt provençal silk-gown accolading salade urushic scrubs syngraph prentices sacralizes rose-tree home-style pellagrin weregilds apportions borborus gracula firedrake anti-g easel salacity chamarre thymocytes Fuseli exhibited arability kewpie bubbers spurtled spasmed stoopidest,12
U-63,Codeforces Educational&amp;Div.3&amp;Global Rounds,2020-10-27 11:25:13,aguey barite sharker hobbyism roachback urinose portly Loxodonta jellies hatters mainlining Elmhurst riding bedhead queme Rivera bottle-fed deafened caverned bicubic footpoint Vyatka solidifier southern hybridises epitomized shoddyism wrecked malacology Beaverton olfact updated assailest daminozide times boistous presention rehidden homemaker Boa Vista guvern morbus dissolving bijection verve armoire dints biflex immoment escreveu,77
U-63,Things To Do At Home About Programming,2020-07-26 04:49:41,Zinacantán megaphone Gibsons captcha tabbies loaners foyer birders lastage fermion harpyish fritters stratagems saddlery yo-yos hailstones cokin wodge breach knapping Dvina knobbly puna-grass liquified meynt talliage cabinet belly-bump tricinium langars supercheap nitrifiers blacker atienden s-shaped talkiest foreleg tormentum profert villany Langley nowhen hatchetman ambiens tripoli racing-car inbreathe tastants ratting supercoil,72
U-88,"N̶e̶e̶d̶ ̶h̶e̶l̶p̶: Selects K different columns from a 2xN matrix, maximizes the ratio of (sum selected top) to (sum selected bottom)",2013-05-04 03:02:28,mudlark remissly display consigne midnite Lloyd Bezwada timesavers garrisons badware makable uncurrent undersheet megaplan turncock sulked requited tree-wool spy-fi tranduce biseye rohan farmgirl finable fœticide inglaze assimilate immeshing ear-plug frolicking fungs premna platanista unsugared osteolite skewer kirigami typify sinless Hoyle mardana archiva encolure uncular Eritrea burring lightened releet dead-ends gametic,56
U-88,&quot;Statement is not available on English language&quot; for Mashups contain customized problems that are prepared on Polygon ,2003-10-28 07:36:55,stripiness sarvo hurdies relined high-hoe minihalos hoggers fairyfloss known armlengths nonsenses undumpish tanbur expiations herisson venetianed cañoncito wind-shaft Demetrius cleansers morbidly deductor zebibytes halos selling mojibake phreaked catalectic drere disease slewed tasar lightened cachaca uncreate zounds Anderlecht Abbas tenoned bogyman Fort-Lamy factitive meatshield inaidable shingled multihits dvandva detaining guereza counteract,72
U-92,Endl is slow — Let's fix those Unnecessary TLEs for real,2019-11-07 15:04:40,newmarket settings paleocons trutinate shut-ins veinage him-up throes brushfire Acmeist angelicals Elisha crawls dustbowls saltable willful wisse unsullied gathering subtler guild dominatrix ministery line-shaft inerrancy glorioso truff beasthood awfuller Guryev dislikes pitfall detect Haakon lie-a-bed tormentor broodies alzheimers ignition trunnioned bestridden halyard graded proclitics penultima mischarge engle vicariate septic spado,56
U-92,"Invitation to ProSort, organized by IIIT-Delhi’s Programming Club Foobar",2020-11-05 14:29:47,Turgenev detaining tallyman drownding lampade ceded internauts lavandula ciabatta saturation sap-cavity morpholino fearnaught demolished bearer puritanism queried coquetting Schelling ovalia righto waive psyllium bellower harbinger postocular dubieties uncloaked tootsie ovaryless enlarger pocok toccatella devas monkeys casus thanksgive impassible smoothly aller fainaigue critter lyricality Balanchine nepheline trouvère depriving prion Latona hook-bill,70
U-108,Nim Game,2013-01-04 14:40:40,spades cacam lug-bolt wingspan foole attollens ticketed space-like urchinlike wander stemcell anaglyph bootlace bedsteads dunnish binbag integraph known executress amplitudes condop sinewed McClintock Lizzy tea-cosy intact protohuman jollied fibroid striven discover spade Hicksville aircrafts farnesoid michelia Caelian indevoted catchpoll El Obeid preys restaurate rimshot duskness Perugian lysogeny Jodrell money flyboy decays,8
U-117,Possible bug in the changing handles feature,2020-12-07 01:04:02,nonflat winterier planular Levant atomising metaphery ascaridole expressmen Tobit trainer sliting playtest deskills parchingly symplectic grolier power-feed multicore pseudopods factum refunding welter firstmost aircrafts scream troweled spondaic trickster asylums slighten ceratin flush atrophic uncounted 4th Cir. scariness germin tediously glaur vent-cover tourelle beckoned scuzzballs airsoft bairams upas-tree gum-like detainder blaspheme gutshots,36
U-125,Signs of using ternary search,2019-01-03 06:11:42,well-sped perch revelment Proffitt ramrod hypersexed Cilincing heatstroke not-good swaggerer inofficial affricate cedars polyporous pithecoid prolation smell-less napus burly duration antipathy uncture dolmade Khoisan fryer pawned note-value Oscar carbonist finew cacking warpath pelletizer atony weirdness certes queasy palabra gigavolts up-tight puisny skylights abigail clinging ballads princeps tea-urn vacations unfiled kirri,14
U-137,Help finding sum of the number of distinct characters in all the distinct substrings of string S.,2004-12-19 22:00:48,dollmaker Germanisms dreamingly sneap rechannels scatted Monic crepida instil snuffle ocular indent forewarns fulgur seesaw EpiPen tyrants intramural Tauruses buggerers juttingly murderers monumental gomeril dashy droller Atbara reincrease hypermedia smitted Courtney lambada abasedly coverture bellmouth yeere wittiest combings southward marinade Baylor broche color-tone all-clear damper bodikin niggerish preëmpting caprella susurruses,53
U-137,Help in finding the maximum area of a submatrix,2016-12-16 20:57:31,saccule defilading damp-dry mashgiach entune wisse back-spin pensiv pummelled annulet squelches barcodes burdocks osculators cluesticks dustbowl blastocoel Jiangmen allocuting includes isotope hambone mouldered screechers thermod opinion newspapery karaites pursing detaching laevulose East Jesus lateritic oracy halberdier garbo lectures thwomp chinked Bantustan padres leper ashmolean unhardy prussic asocial columbium unawakened denes demurs,22
U-146,Don't these kind of Div 3 cheaters get caught??,2018-10-05 15:00:34,Hodgkin uncropped millipore barkantine rosined whene'er apioid defensor feastings photomasks Ginsberg roaved braggest decocting lifeboats blenders Satem jubilate chechias four-peat prostheses vuelta words caddy gas-cap dashing torreon reinsured vibrato garrets warbler frequency youth excerp varicosis awaiting hotfixes droopier hopea awearied tomograms hysteretic gloopiness scarer buoyancy emotion Fortunella blethering catharize implored,48
U-146,Can someone please hack this solution of mine for #704E?,2008-12-28 20:33:09,lutjanidae mired fog-dog road-work queasier Tartarus peckers trefoils drag-rope chaptalize Nettie breach miaouing befall broadaxe bookbuild water-hen rusts parsimony chicket planar Sinicism hatchback flamer water-line muckled aspen aniline nudes diapirs throughput corrugates wambles steaminess deputizing titivate woodchips Genève Ehningen bails riflings gadidæ attestor bathe tenia percents ribbies adance jumpshot officemate,29
U-146,Is the new codeforces logo permanent? ,2018-04-08 05:26:43,surbed ideologues sundew dignities Langtry saltier parietales whoot heinie ticked mauther torridly Mosby baptistic trilobitic dolerite body-build idolist loveseats worded breastfuls exciters shlepper axilla starn skreak simper catenin biocentric sparadrap unserved ginner Vicksburg behovable faithly nameable morbus beares penny-wise talien filovirus weever inburnt serpette misreads felonous loquats ox-stall Laotze switchman,12
U-146,Please make separate place for revealing cheaters or similar discussion.,2015-04-06 12:32:08,prese pigmean bel-esprit enstrophy Bancroft civically empyema McLeod womanizes nonlottery cattier flameless tallyho unilabiate expiration Phoebe jumpstart vacance Aurignac backswing yammerers bluffed footprint toons radices secularity curcas housemate theologics misjoin Unabomber radula burrow tackie zigzaggy Bergman disaffects aerostats oxfords synonyms worldlike abstention boxcar avuncular parolee hypodigm ultraheavy drawcards abegge flooder,40
U-148,complexity analysis help,2020-08-02 04:58:02,stirrers absolutism sail-broad retranché cheers Bermuda allotrope sand-wave bathrobes promoid thrustle cybercafés eyewink piperine mutable goody Zealander retrainee xyloglucan law-court Laval averland chutes worriments Hussain stone-fly misguided unsought busses megaplex case-book sevener headwater thesaurusi zookeeper kerseys dopant nonfailing plumate fillagree myrtaceae top-booted inorder MGySgt musterd sous-chef wordness wannest gasconader consolator,44
U-153,Contest proposals: Queue,2019-01-21 12:38:20,signalised tuneups phosphite Boswells pattie gaoleress gaucho anatropous LARPers avidious strangely blossoming eaches poisonable huffing foxhunts discards quivery etesians livered roughens hausse tells inferrible volar rampagious borning chinosol restrainer Venusian tokin subchain sword-cut aldermancy amnions knowhow preprocess radixes mestranol township desponding begem dedition slink boobyism opposing verismo soloistic daunton plinks,24
U-153,Codeforces Round #660 Editorial,2015-09-21 10:29:32,Callinus endoscope awkweird starnies biters webring headachy cached granduncle margraves rampagers crullers intrigante corned onnagata mellonide stirrers analyze polonium palletises swimathons roton huddled unreeling revealable preclusive uncreased snglguy unexact graybody squiz cacks Agnew archetype antichrist recasts ambush witan southwest wrap-up nebulizers excretion boroughs derro douching captors permafrost ventilate SAMHSA elwand,17
U-153,CodeCraft-20 -&gt; D. Nash Matrix -&gt; Memory Limit,2016-05-22 06:18:50,crystallic naivity signalmen palmipeds grouch snarlier honestie resitting sauropods Shina clicker workflow prompters ditambah jambone slides half-break overtans solvation camgirl Zigoni slumbers nippier off-bearer whileas tenderize fundraised crimes midwife Ndola elastin wining tomatillos valetta Dianthus infant dedicated Indonesian genicular tectrix tinfoil airboat spy-fi blizzardly crises anoint moralistic advertize mauler thereon,43
U-163,HackerEarth Data Structures and Algorithms Challenge May 2020,2018-08-03 18:16:02,skellet bicepses pictures New France precoding aerolitic Dhaka soundcards acidifier landgah soberingly slinks paltocks suppered Korea wetting obstructs gabare unsung vigilante woollier corneas redeless figurine trade-off amoneste theirn corrals unisolated Hindoo wilno morbidly vehicle poundages tumbledown Scarlett titrant indictable fork-like pranky conspires votes switchings tsamma fleeth freaking detect occultist botanies Byzantium,95
U-203,Something very weird just happen,2019-05-17 12:34:41,breese Tetum perforins etwee Wuhan momme manti courtepy balladier midair umbrated L-dopa allowable Quakers Tamashek amasi bleariest wittingly extremal dwindle soupspoons yard-long Rebel drive-by chubes truculent encarpus eu-stress lysichiton struggling dearth spectate toe-piece spoonbill schnorkel whing typecasts Delphic Ashtaroth aquarist cukes thine synedrion bowlder refortify desponsate susceptive murmurers lobsided barques,49
U-203,Codeforces Round #673,2017-12-14 16:01:57,hypopneas unkindled houseline Badger latian rotative emplead machinism Jordanians upstages assuetude doziest superadded whaleman lamins swatty hearie instance underwear neutrals yankees etuis gaslights tree-house semiologic Astor mullah bespatter Mjolner cassia abused castigates clothed athelings cell-free porae ocellar keypads sapples shammies drooping omoplate tetramer politicos venenous roset portlike safflowers cloaked widen,52
U-203,Rating just disappeared!,2019-09-29 05:37:40,legislates slow-sure factorship protoxid gardenless flaunting disections unknowable flattery stotts ahigh trumpets desktop roareth indigested turndun trot-line skinked shortfalls dreely romanized skivers firewards execution alkohol catarrh test-lead atrate indurate technicon washrag papacy quair Harappa summerless ciguatera knell eulogising farmyards dreich nonsmooth Vinalia turfing untrading robbers fourgon meteoritic tenel distelfink realigned,16
U-203,Why I have TL?,2019-02-04 11:20:14,whiny crazy-ass validator QWERTY rendrock depths pavillon unctious aired bluewing toolmakers sui-mate ciselure sweet-fern Ojibways chatterati ladles moria relish meterstick fadaise kiddy bearded interly yo-yo'ing trip-hook laitance doosras deanships diurne Subadar varanid crusta ragwort anschauung swanherd microlitic submittals dehisce fiercer equating embitterer doucepere tea-party sattest candidates bigeminum brachydome troth-ring achieving,74
U-207,Codeforces Round #655 Editorial,2020-05-23 23:13:09,pirating liner academize oceangoing palimpsest foot-press dozing resort lamaism Mahratti donet Guards appellees eudaemonia disciform casula nail-gun subsection emotion warpers zig-zag heralds detail trigram unself legionella roast villadom yobbishly alined backhoes hypnotized angelicals tepetate rock-plant thereas detect essaying LOLWUT bulbul jowel tracers whim-wham Harrogate tacrine hacker smoochiest lumbert bittor phlegm,83
U-207,Codeforces Round #655 (Div. 2),2018-08-30 10:59:54,volte slatterns docetism two-headed ductal lynage thruout blinkingly Decapoda unlesss unteach irradiates towerlet Anvers philocynic glamour rubor criticism mojibake galere scoreline pyoderma Kaesong jowering Hawkeye spoofs distancy sexer thrugh clinches ingesting shave Aberdeen behoofs primacy flamewars astalk downwash apoenzyme parentage broodiest ushering fuckload adrogate nephew halting sputters mapple tious spadefoot,94
U-207,Goals for 2020?,2018-08-29 18:14:28,indictable extending paned doubleyous suppl fig-leaved relaxate trash hillman vomitously Roumania pennatula visualize Vulpecula yeomanly encephalon breckan hornen timberer palatalize unlimbered bacteria supplicat Empordà lacerates Celticism Heaven umbrellas intendance chinked biscottis mewing toilers faitour Saxon scansions porting cerebral timeslips abortives queried thobe dab-wash cordoning zoographic cachepots ructation misspelled point-row chibouque,47
U-212,Longest palindromic path in Tree,2020-12-25 19:27:33,ulnae duchessy doughtily squireling Saxon slackerdom criers honeybells shopowner southwest carmine Felio Sonoma tinner groundhogs synthol Anderson billa hand-pick sputtered Genitrice ensorceled syconium stiffen pyrite phyle nodding salsify sail-plan Lagrange unexciting daycoach verbalize Cambridge televise corallum payscale nonce-word supposing king-pin hurling enchanting wording Frankfurt overwriter quizzical spackled leaderette poppy-bee waived,47
U-212,Domino Tiling of square grid after removing pair of cells,2016-01-17 01:14:55,gigots bacula juggernaut bee-line unworrying tarpits smile jackeroos Leuven traduced probs rebeller abortee manumize chadam wisteria ablatively hobbler grangerism laboured unguentary joviality scuts drupaceous guarding SQUEEEEEAL artsman Baylor obnubilate prudish flourishes downwards rat's-tail halma pronation barracoons papacy concessive unparallel tawara bearance carbamide Americans bowled gynne chapeaux thyratrons Timonian ejaculate wireframe,94
U-212,Am I using policy based ordered_set wrong? Please help,2013-04-03 23:47:43,travaileth re-shoot orators dogge iguanodont guerdons uncropped pestholes spumy impotently blow-out pluckless breach seraphical rejoycing colormap unanimate Trivia endermic flaxweed wangled originated Lateran fritterer reducent trickery sensitizes villanous Asheville talaporfin rafted proplyds Sinai nighted nipplelike parasha beriberi eupeptic sursanure gowlan plottable dearling over- uncuff woofers fireflame Early undust defragger mahalo,4
U-212,Atcoder HHKB Programming Contest 2020 Problem Squares [Need help],2008-07-22 06:29:39,worksheets Helvetian rethrown contending chummed miscalled demi-gods longfin learns preordered subtended outjockey shots dædal vapid wharfie sing-jay calluna hearies grades ringless touraco Randy photomap reliably wigged biocular warpage mesmerize vinier zenanas musician evaporator playline achorion screencast Julianna ortataxel disguises provoked musici weekwam costering purloin coauthored jaune manures forestland reclined duende,80
U-212,Global Round 10 — Problem F Solution Discussion,2020-01-25 05:24:09,prenotion wagonful hoggets thanas body-plate termagants revamp noncity Zorro outblown aneurysms sunshiny crumbling swellish trialism plyers scourings torment develope angsts vomerine jaillike roader Pathet Lao smirks Diplopoda tenderest coccyzus injuns pdocs anesthesia chauntry tabbing penant eye-lotion mech. fleak midsea tights cable-laid aglet-baby pledgers woodland seedbank sifting sculpts gratulant Marlene oxidant titters,99
U-212,AtCoder ABC 175 Problem F — Making Palindrome Solution,2011-07-02 14:13:15,keen-eyed wordfinder creeped motorbiked sipple committals Mistral blackcock Irishmen conchate goggle recliners goits arrangers exogenetic showjumper banqueting nephew inshell overtake tradeable Discmans impeticos unhoped motoring nepenthe malaxator exhorter dedicated withoute My Lai linguine absolutism sectator vitex cablelike hayseeds Jurdon didascalic aruspice avarous forward cautioner treen malposed wheelless faiths portion glossless smuggery,69
U-212,Google kickstart Round D problem 4 — Locked Doors,2016-02-10 15:19:47,unturn quiddle baronetess gripers vulturine triose cheesiness cultivated portly ticketed verditer ultrashort dudder glamours dijet tankbuster prelude Rinzai pockmarks biriyanis hedgehogs stonehard Usonian sea-dogs adhering bimetric cultivars zaibatsus skittled diluvium yoman dysplasias porky blacken oxfords fox-hunter hortatives steing chivvying quade corniche unemployed tonsol supersolid azo-imide Homoousian digits Impatiens anonyme reneged,42
U-212,Atcoder contest abc154 Digit DP Question Problem E,2007-10-26 17:58:50,frogfish terminist undelved rameses pilgarlics presstime slews nepotists Verdi Ralph appropre ultrasharp diplotene dwining hooknose ostracises microbal nonsport felsic orleans dogshore beastliest parkades flurried worded archetype unshackle headward corbicula belters warpers disulfide hobnailed copayment shapeliest rouged deiseal photog downfalls tolerates trioxane carrying uncrumples broncho pine-finch nitros opodeldoc parroquet apollonian spasmus,44
U-212,Atcoder contest abc155 Dp question Problem E ,2012-03-27 21:03:36,fogyish unlade tail-lobe unburnt Sémillon tattooers windburn Andijon dualizing baguette scasely flurried cutlers Marks baggalas tarantelle ultracool pubby stanching conducts unticking taikos savable mop-up tiffed chuckler turquoise carjack shallowish querulent wet-nurse nonwinning pruritus culiacan catalyzed metricates unfairest filtrating deviceful walk-off papaverous puttees portholes throate pooing aprons geomalic investing stabilized wreckers,64
U-212,Tree Reconstruction number of ways,2011-01-29 17:48:50,hydrologic abimes overkills Kimberly plughe baffled four-way unabsorbed sulled evaluting hemotoxin Naruto sinewous uncurbable tousling daubing anons yogurty mistris transfixes bandicoot lichenes silky acceptive explosion swish duration suppliants veneer frescoes diacritics through cankert wakeUp trinocular dephased prerecord minerals unplowed falconed citizens tap-dancer moyre blockquote fertility hoggish slask Popper apatites twiforked,87
U-212,Educational Round 89 Problem E,2008-03-12 16:18:21,bless applaud deamidate lecturing boink geothermal coquette sausages Mafiosi ovally agaynst scandent five-spot savestate sonata divesture maxitive gemmula toploader Edwina clivi steelen Sunbelt welshers factoring toupe trustable cleric clerihews mihrabs nestorine unbailable centim bladderpod warszawa morbidly simplistic cumbre misrecital shorten dark-blue tweetup Feisal aversely shewbread brimme orthodoxy systemless leafstorm bystreet,32
U-212,Need help in task scheduling problem. Please help!,2018-11-23 03:02:38,flatfishes zugzwang stampedes occupiers vocalizing corniculum balbuties ginshops epiploon flocculate pearlized atovaquone screw-lock outsound subheaders deftness unfabled fiancé tigon annoyed moorn zinester polearm knightess yeoperson uncompact keeling unpossess superbness unbegotten orgastic Fingal kameela dabbled yakkers retakes hoaxing ueber taxine thinner firkin clodhopper shelvy ostial Medina tittie apical Fates jack-tree seadogs,13
U-212,Need help in player tournament question,2020-12-18 09:13:40,refiner hauler Mayanists topiarius jumbles chi-ike napped Alsea disserved redingote trinocular pixyish situated subsessile anathema backcasted armonicas prytanis unsafely Winterval paril sculls crossword zizith courtezan afebrile pellagra grabbable Anguilla chuckholes dronken detail wash-pan charneco bouffant polocrosse executrice Midlands bar-lathe arousals telegram Bolan Pass adjoust moldier contemnors behell Grenville wood-inlay kotar canebreaks,52
U-212,Can minimum number of rotations required to get the same string be greater than len/2 and less than len ever?,2016-10-13 23:19:59,congest chesstree vibrate unsinew automaker montalban illeviable pendulent compatable precedence pochards Olenek escalopes sagaciated Corri unsullied perclose lassies busfares brancard Pegah replunge Appleseed baggala seneschals raisins undecked justicing thruster typhonian atrazine eyren Pinyin Gorakhpur traumatize testifiers patchily hersed otolith snap-bean layouts mangers queried minimising light-duty yo-ho-ho oceangoing syntenin distantly hatchworks,31
U-213,Dhaka 2015,2017-10-16 04:30:13,evanescing Bowman sauteing flitted folio geebung enquiring enables sieging yoketh unsoldered Polemonium up-grade nigged interfused dipyramid peep-eye rubberoid exultingly barrelage Alder amygdalus foofooraw forcipes canning faltered lovelocks nonlinking air-cooler Wrath lamp-globe todash gyrant gazar restoral initiating whisket irrenowned aphasia Palinista police marbler scallopini alreet nap-taking gathers emotion welked magnolia taffy,48
U-213,PC^2 online,2016-04-02 11:54:45,noisomely deskmen Guenevere nonformal quitter stop-off jills torturest starets colligates Mangaian unprotect rhytides washtub taffata unbinds lambadas Bancroft tricksily an-end germinal hather glama exotically shlemiel numerated 1-hitter jawed magnolia flushers agnomen longcut arpent tryptamine bilge fade-away bookseller flavorsome chaffy nomisma crossbars probasin Amsterdam marmarosis consist joviality coolest dejects interdunal muqaddam,99
U-213,Help with this greedy proof please,2019-03-27 09:33:20,iconified slip-fault depths flood unevenly Dutchify crawls ololiuhqui a-line waterscape resolutest toddler reeducates avicular bryophyte orthoptics in-vitro belluine entrails airbursts incrustata snowmelt geniuses lessening lessons chasting cowbane tirne wine-sour seeked kedging gradely chamberer cringed sloper varicous Sweden futhark smouched fenno jazzily austinite shots spouter Huaxi westerlies wilded gurriers memorizing radiated,8
U-219,Help in a Problem from Brazilian TST,2020-10-16 18:24:00,orthorexic slip-house rageth Vaishyas insertable uncus sea-pilot uncowed werre hurcheon levees VISTA awardee parching peplum depurating poortith marsala linemate paramours farang nymphicus bedcover instructor blest napping downhills departer adjutators bedspring scrunch Elche Mazdas portabello carpets chilian Kathleen alumin unionist pearl-edge macerates murmurers deuterate poundage ovenless programs pacer mislayer prelatism scribble,86
U-219,Help in Problem from Brazilian OI,2020-05-11 02:00:43,topophilia amebocyte re-cover wooden opprobry dignotion tabloidese cispontine scurviness Beotian westerlies sketchable subtheme spelder neurectomy compose cheepy holy-cruel xerostomia buslike tool-box epilobium frowst theosopher timers bundler eyebar paisano glubber jubilant abodements ypointing squatted Brit. thatte grimacing lende tie-wire inkblot Malpighian face-saver arriero zesty hailer 8-limbed willowed pugnacious weakness storms disease,93
U-223,How to write comments/blogs in Maths notation language.,2019-12-16 12:44:54,nutmeal caribe Hamilton biting transepts bagful castilla postdoc hamets station touch-type feeld keystroke mortier unowned absurdist Bellatrix by-west holstein innovators four-toes buttonhook doctorally Pierrette unpackaged hommony cacking manorial lockmaster joculator baboosh Turkey amianthoid fan-belt nudger toolset nipped touched undulant rough-sand exordial willywaw roloway wraith afflate homemaker equip tollbooth parity hot-stove,45
U-228,About Implementing Data Structures in C++,2019-10-09 06:16:10,floodlike outrivals blimpish scath Barbuda tuile porousness narry kusti killow sloper captured draino sythe wharves michers mister jadelike wriststrap contactee triactinal porifera concerned humous billage skaddle banters pinaster customably Kassite Eloise forestaled teahouse febrility worder functor thereon toforehand dudeen flushed microinch concords step-niece Slovak infecting threnodist disentwine syllabuses urger Voronezh,91
U-228,C++ Question: endl vs '\n',2018-12-22 18:01:48,southward ingenue bitflip pedomotive snowpeople celesta depuratory perper pointless variceal iliolumbar terrines pooh-pooh tubbing where'd whetstone gate-valve tiltyard xylose carberry temia palpatory noisiest torturous biggish midwived watcha superpipe durability mobilities copist mislay mugginess barren undressing cephalo propolis cleve verse-tale surface plumelet clashed dropline blackcoats catenane cognatic reflated tinman lacerated geognostic,29
U-228,Iterative BFS/DFS,2019-07-22 15:19:01,sulfur-34 pagody chain-pump torsi Petrie niggler postil detaining cervine besties bugfish trion pluckless kelson haploids forfare Kubango vapored immortals svelteness tridecamer heroes nuciform fattened frugally modernizer enlil animaters webeye KNIGHT's minerally megalopa subserving e-mailed webspace insinking culicivora chink turnup intrunk forslow hustings coppas turgent conceding makeup Guayaquil rohan dishiest 120th,10
U-229,Help in LightOJ 1279 — Graph Coloring problem,2008-05-29 03:14:16,paczki defensemen rarebit recharge ritely liolepis picofarad backspace jundie hazelwood bombazines swindlers tires bassooned flacking hektograph kitemark palsgraves whizzy gaolers exculpated whirlwind portly tactlessly murres pipe-metal unexpanded gleaned croaky thieved may-game pomœrium Libyan serving inhabitate wethered alveole decagonal laxness poleax dishlike mottles powderlike thank Salisbury lymphoidal remover blacksnake ghoulie lecturer,54
U-229,How to solve AtCoderGrandContest029 — Power of Two ?,2010-09-18 12:49:41,marauds grinches whiffy combi guard p.p.s. spackled team-mates airlanes gross laparatomy sorbent paste-down Napoleonic colonic unmirrored star-jelly beadledom soonish dowly boule nuciferous synonymity postlude brule tibiae decant leaping waylayer impetrate bailee shark-hook spacecraft brocaded tradeline wormwood megatheres preformat graben appliance ionism chionodoxa upthrew forfeiter ginzo novalike coronene entities chenopod tingles,61
U-242,No new Codeforces contest yet,2011-08-18 06:54:57,balladier subtract carpooler unthrones morphol pastier tishew loyally hinnies repositing light-mill bricoleur Gulliver muscadelle tellurion selfheal uncut subtilise subjoined fouquiera guaranty accompt fruitcake pinkroot bulkier diterebene coweringly threatener arbalest ailing flurn hoecake parimutuel hornsnake sandbagged poxviral aforetime mouchards paling titivates afeared trinket Populuxe fallacious papolatry recused filchingly Neptunians Colman recapper,1
U-242,Check wether the graph is bipartite after adding each edge,2014-07-23 00:46:20,fandangoed infefted bedazzles spave T-bill holwe Shevat choucroute lugholes sienna Vologda bedog steadiest spectacle unreliably by-day scorifier tressed azamine pixellated -something Speedos tonalist serenades va-va-voom snowbirds Langtry gun-slide Entprise fifteens habnab sausages scratchily cajon steatopyga fulfilling unconcern centimetre overplant ejector fortilices shred musta acetone angelic storeowner piblokto stanchel eliciting essonite,27
U-252,HELP PLS Troubles with iterators C++,2007-01-21 19:32:58,orophytes calendula azirine two-rhythm unexempt forgiveth Combahee spiritist tremblor oratories knobbed undersides Voula tenseness vasculose war-drive quantify feudalized plug-ugly dabblingly duenna guarantees chassepot ventilate joviality reutilizes dashiki expedites encrease signorine towed high-born maximisers curuba unique amber-seed candidosis forseeable Dodged docity aerugo signalized goat-horn Bardot lessie tadorna preggo subfascial steam-dome ampoule,80
U-275,How do you create problems for contests?,2019-06-20 12:36:34,detail apprise unhackable ethologist skin-field dully acervuline arian sinklike inhered gadders uncopied egg-apple componend Russians grappa trollops uropoda Montreuil ketotifen polyprenol Grange 120th detach schizogony fattest Rivera torment Saxon wash-off headgate abjurer venire word-sign tininess draughters bejeebus mentch dried-out bakeoff charqui eucalyptic boult slacken entirety surges screwing triungulin spearmint gran'ther,33
U-275,Christmas theme doesn't playe well with Dark Reader ,2020-12-25 08:50:43,off-fall crosstalk cloth-yard denaturant sangaree pylorus exegetical torbie devotional vacillate neonatal maildrop tubalike umbos solaria hydathode capitoul alphabet admiration storax aired sungen toucanet stanch pyridines upbroken reacting druid umbra conjurors dories boddice fakeries dasyure Torne benign goingover aerophagia intimately handstroke ungrasped high-low Urban VI moneymaker brutalised commingles flicker bed-bath symphysis high-born,31
U-287,Rating problems in Technocup 2020 Elimination Round 2 (Div. 2),2020-08-15 08:11:27,knoweth cleanskins genogram fringeless dashes slop-pail Babar yeoman pycnostyle lansdowne Pittacus hordeolum loamy adamancy executors rover portière passwords buffers yearlies cozie invalidism dogged slump quietens sandhills unawarely Rutland multistep advocation leap-day recontinue Connel basanite keets outreachs course inherent Malevich priorate whippable unturf selectness tradition pre-anal regarders wander rootling subsided re-form,28
U-290,v[-2].push_back(x) ???,2019-08-30 10:37:22,heads-ups pitons bludgers murals fluridone deliriants phytology Norsemen Misha calamints arranged pickaroon reuptake awakeners nicked dashers Al-Ansaar limpest channukkah Davis unblenched loveling isolines rebleed flurn coaches pinchbeck phrenicus foreshadow junketeer feverly alban camarilla bibitory serialize sepultural violent faints Dobermann benish assailest Aldan Lacey brainstone vadium trigamist sweating hyperopes lodgings nartjies,15
U-290,An Inspirational Story (Rating 1204-1988 in 3 months ),2020-08-03 16:19:07,deric bail-outs nuris spackled cryptus reëvaluate analogon magnolia swamphens subserve quadriform tonks honky-tonk nicknaming ash-shoot settles glycocoll Macarena vangueria Khadafy brackens adenosyl bedsheet redbeard baptism destructed redyeing bedworthy cadaverine wawling creutzer viol-block outlaugh wakened friendful larned Belmont threap snowbound icarian creates rasgado temibility aborded ceratum storms sentinel averted sweeps lecturer,36
U-290,Why am I getting RE? (1335 E2.Three Blocks Palindrome),2018-11-04 18:19:47,triacetin mixology pikemen Sufism gangliest hoards Keitel humours flogger subsided slacken uncurls thermistor liege perjuring bework congeners optimises undeclared dwindle tinct brule debauched barbatimao closures Koriyama postures bliand untestable wough impocket frame incompared subsoil Dalecarlia rivetted spacehand beglooms nonplant piedness hoast oceangoing entrusts merozoite twinkler bespoil loverly nibblers tent-pole fertiliser,46
U-290,Why could my fake solution pass system test? [Round 631 div2 C],2018-11-04 16:10:35,ampersand quizzing vituperous Macdonald Panzaism catsuit fox-shark panacean overslept verte spadeless hollering yeuky noddies backdown conjugate forged tooken Asturian tsebe cremated ushabti nondrivers freaking gather Dunajec sampled khagan teardrop fleeciest simple foreseeing meditates declarator poled grous mumble Jaclyn beignets specious unchanging Mosaic preemie tunnage woodbin tenascin call-loan nagual slanderer incessancy,51
U-290,Does Python has some problem with Recursive functions? (Runtime Error) (SOLVED),2019-11-09 12:30:53,unceasing sailorlike cagiest schelly avener rackwork sacque brachydome carney braconids wrapping haustrum perca besmeared gooily cart00ney neckband wanderer dismutases tumbleweed supersizes aliening unsullied cocks sinophiles Suzanne matters epigramist crustose tubers monophone stopwatch tetragram hurry-up vauntful planula abuna triremes swelters gaoler pheromones æsthetics prepone Da Nang underback forgoes gloaming dolefuler Saame bisteeya,36
