ID,Name,Date,Content,Likes,DateOfContest
P-1,Codeforces Round 632,2019-07-13,illderly jacarandas pasturages footlocker pourparler methodics conjugacy uncurled mediagenic epithets garganey itchiness abjad mishap copernicia Vitsyebsk mortality rhythmus stilet renounced bioprocess placement denegation sand-grass govern gratefully victimizes grazers shiners truish silk-lined festively brewst downbeat topics hikuli discage snowboards azole affluxes veepees tarty trigness deeks repressure quixotic tyrannous tea-scent syngenetic arctica,77,2020-12-26
P-1,Codeforces Round 652,2017-04-22,extending promoval sylphic sphincter surculi seduceth bed-ridden leukocyte propulse waver aunts nonnatural laving cultivated choze bite-size stouthrief reobtain chilicote loutish antifade scurril airstrips periscope reveled honte apparachik protrusive combater separatum Cincinnati naggingly completer proponents dizüstü abrigge sunbirds musquets unweaned nymphaea uncrating earthlit cry-babies outflew subfigures vibrating quoniam tumuluses humankind Oberhausen,38,2020-07-12
P-2,Leetcode Biweekly Contest 525,2020-05-11,detected bumbled tantalize phrenics trueborn stummel banksman Tolstoyan dispersals Daria mascots repainting thicket limelights ribaldries Khnum enticed tryscoring Janette defogging Baylor in-take frenemy enthraldom lights sexer acacia zealots nihilates twick broaching koran tirement unsullied crusty woodlots cruder steppage sacralizes wambling outstrips quart sainthood arises answerers thioureas trackable papistry snorers doors,73,2020-11-15
P-2,Leetcode Biweekly Contest 484,2017-01-21,nonheroes virgilia agrise revealers puritanism canular thoft puff-fish St. Peter defected mesmerises cinct prelaty apres-ski four-spot windlike incapably Zealander sverdrup sunbath overlining blest sodden impounds mediants clericals legitimate by-line Micheal stuttery typewriter pommel gynephobia ephod evidence kidded spacewalks nonoily augured lamplight Mishawaka acidulates unimposing matchable transmit thruste orology crow-steps Eucarya namaste,14,2017-03-17
P-2,Leetcode Weekly Contest 696,2020-02-02,patriots gladdening flat-hat cetate deferent untender ostalgia metics wreath jokily shamoy sumhow cooktops backwater invertor flurried hothead dangered Ariane warmonger Essex Man clinidae snarlier sea-spry kargas logotypes troosers wordsmiths sternum Irkutsk zip-wire bravity moveress alright flappable uncleless rheotome Sackville Bohemian pronotal pingos classist road-work sapor megalitres toxidrome telomers outrunning authigenic lovelorn,38,2020-08-12
P-2,Leetcode Weekly Contest 570,2019-03-17,vendable enounced vogueing pledges fioritura saddest Feisal redelivers incensed juristic omniscious uprise apraxic carpooler moribunds uncandidly em-dashes encrinite beseems yeoman faddishly claw-bar diluteness photopic Winslow towel enfiladed Kubango Kathleen barfi silken roughie inductance shlepper habena diskettes winge trapezoid suppage resharpen haftarah quaintness arrears declaim lette isagogics Luangwa air-drum fugle Guelphs,45,2020-03-18
P-2,Leetcode Weekly Contest 420,2018-04-20,warfaring typoing blastment aiming brakes unbraiding thwarters conceives synesis Eyemouth galoshes presence unindicted exsertion wood-bird timeshare periagua tone-poem unassisted recusal war-flame sunrising unfain caviare thorah inhalers alcyonium fetation life-weary akera lighted listservs payday duvet viary republic butcheress bratling yantras constantan fatalist Saracen screeners river bank stane-raw unzip barrelfish bulbar reexported hyphae,35,2019-12-19
P-2,Leetcode Biweekly Contest 428,2020-07-25,sliceable pipelining projet exposture metalpoor chalcedony ZM24_Front kakke helpmate orchid eye-bone lease deputising Mongolian stills foamed nonconvex execrating dedicatees graymail gentlest Ixodidae chirred brame Babar Hazlitt inbreathe Honduras siccation icework millihelen sweep-head contempts unicursal linkwork kidder nosediving savely Alsatian oak-pruner yeggs matronalia outwits frights unkenned escry panurgic fullbacks homos rentier,52,2020-10-28
P-2,Leetcode Weekly Contest 508,2018-10-08,gadoid Clint spikenose gisle dockhands bistoury unchecking werche spike lee shittah jailors subitem hardwon escalation mordente thesaural deesis unlordly lapdogs cornbrash psalmist bonhomie achieve Campanula radiothon vizcacha ovular islamise superships considers nempne rubified attaints fallopius hawkbit essayed tombic secures rubrical fanlike shellbacks smere oratorship ipilimumab brusk dirtily Triassic Kirwan obsequial haggis,97,2019-03-06
P-1,Codeforces Round 509,2017-03-08,ScrapBlog ogoneks nonpresent favel bookseller orewood sansa hydrogels lustily sposhy hardels pheer bubale unhallowed gloomy mega-watts arises xxvii puppetlike unbends storms Clifford civillian magnolia underbelly flailings obolos unstudied Alisha jilled coastland sulfated betakes myasthenia tinge hutlike goleta seashell publike welfarist supernote ulstered petalum horse-whim woodiness superhits detrude re-echos burkes primadonna,2,2019-03-22
P-1,Codeforces Round 438,2019-01-13,iron-blue oarsman Spidey spiels teeoff Cucinelli hypoglossi tasteless unget aerospikes voters dramatize Muggles fearer rebaptism unfrequent aqueducts swifter claustral disseisin monorime ptosis crawls allective Riesman instructor slake champerty reBlog owenite fitcher lighterman flagon surah pillhead reprobacy Jerseyman gaymers nihon treatises dietetic doodle-bug accostings half-uncle conny Al-Nakba branding Levite shitcanned ahigh,63,2019-05-04
P-1,Codeforces Round 521,2016-12-25,clambered Japanoise anti-white pacable propped Paderborn Guryev virid perisheth trills toles ahunt Dos Passos uneasily indomable requiems equinoxes plush rhinocerus credences sporozoan revere nicher euphotic characid outvillain antitheism nerdy excl. discourse neckband carpente bobcat extending shit-fit shaped tenacious enlacing print-room fired theurgy kingmakers cloud-free detectably embitter fangled barillet laroid yeoman vacuole,95,2019-10-12
P-2,Leetcode Weekly Contest 656,2020-04-24,Free State upsurged Sarajevans lubrican enervator Sarandë honestie Wi-Fi's suidae molimen superfuse waterparks millwheel facilitate lurking himalaya headbanded Baalbek falconer enfolding shotted nitter tanuki datestamp ballparked Russians asseverate lunkheaded worthily vanellus humbled yorked ignomy concurs ultima shout neck-rest serially sistra peduncles captal gaunter casted anti-white unhandsome Stroder's musk-tree caliculate nagor perge,72,2020-07-26
P-2,Leetcode Weekly Contest 533,2018-11-17,sheltery bearward mottramite here's animates trinkets detainder dislocate aborting ranterism downhaul bizarro uncorrupt plummets allergen rescuemen discolors midway allide starnel gentian croustade cholers advisos zlotys halophenol sorceress unsexes unctuously tuning-key concocting airdock neo-natal jerkiest bitshifts saltatory gabion moldering bostal Pareto Stephanie bacteroids nyssaceae Kitikmeot deburring meteoritic wealth botchy conveyance alpinist,91,2019-08-04
P-2,Leetcode Biweekly Contest 671,2019-08-25,disbanding denoted clash steups reccheles cansh oversight pernis gedge absolve spart soden amoristic dreamgirl permethrin headlines great-eyed acarina opponents doorstep pepsi well-bred sanitarist hermandad miscompute sputterers SNAFUs corndodger Spitfire stilton quidam copyedit seizin Houpt's vesicula shawm bocci triposes vouchered Carioca lifeblood Tellina fonne glamazons reperuse roket dasn't winsey tanzim fettlers,11,2020-01-16
P-2,Leetcode Biweekly Contest 475,2017-08-07,veneration Corbett airwoman barrenness oenocytes flammables southward nose-ring Ephesus condor manred scouser multizonal colera Appomattox muskier Hanyu dungeon retaining subkingdom Mikel galangal paternity regive impieties bassine diadem_2k mastoideus swelter binah scythelike unthematic cheeker time-scale physicians starts dominoes Naypyidaw gentilic weened aerenchyma elfin-tree drate shiners concretive Evans Eyemouth zimbi scauld axons,78,2019-11-08
P-2,Leetcode Biweekly Contest 508,2020-06-20,lazarettos errantly lavander belem genial webspace overmodest storybooks servilely hebenon frolicking dyslexic akvavit southly juwise shearmen lodgers cicatrix millième incessable Bancroft bevel detect hanged borts Fraxinus y-shaped Delhi scrutinize firmaments equipments cushion queerness koanlike necks Truth lawgiving keychain tortious shlemiels wigwam martyrize Gudrun tenue queried lamentable megamarket cut-lugged terribly binaurally,79,2020-06-28
P-1,Codeforces Round 455,2018-09-13,Pretorius swigging cupmakers countries wambled snicket poppit Maryland Glengarry heelbone Upanishads Jakartans serenoa Hashemite italicize orthopnea tailpipe danism bunted micromotor unwariness Deric learns Nolana Ahmadabad yeeld under-king steam-port quadding torment beard basketry whupped ponticello moter creeped cardigan transat Darien stumbling shrubless solipsists beweeps kiley awaiteth shete good-time syncarp sensorium crosiered,61,2019-10-06
P-2,Leetcode Weekly Contest 660,2017-12-20,impopular gurglings sub-base herdess bedlam dabbling squire ensorcel ROSARIO exeunt leoncito synapses extending passible terrorizer wafture thedam mooncakes redevelops aplome preparator nunciature nephew galipot euphorias finned viruslike drainable ethnonyms cringeling course unorthodox Garrick hebete diswitted calculated ensemble rosated Tropics absonant reseed sulkier Ciboney bewield billfold foot-race nitride Kaw River horrified pretexta,8,2019-05-22
P-2,Leetcode Biweekly Contest 590,2018-12-09,osiered centimo rewaken baptized Warholian finalises swire spoon-bow servlet kthxbye humorists relafen proclivity March. pontifex cartooney metical brail optimeter extract biriani touchily bricks spy-fi Beit Din boastings vocalist aulnager mulada eneuch rhapsodic chondritic Chemulpo rupicolous unattended pawnshops disobeyer spiling recapped gorge addressees wretches truchman foozled melanins tragulidae homeotic deputy spelts bicker,97,2020-05-23
