ID,Name,Date
U-2,jillions,02-12-2020
U-3,Beaverton,29-06-2020
U-3,wall-space,23-09-2020
U-3,Tenerife,26-04-2020
U-4,kerflewy,11-01-2020
U-4,oaktrees,05-10-2012
U-4,camara,16-09-2019
U-5,basketfuls,15-10-2018
U-5,malonic,13-10-2018
U-6,washed,08-10-2009
U-7,baronetcy,22-10-2020
U-7,ovaria,21-01-2019
U-8,Tskhinval,11-11-2010
U-8,pretests,10-08-2017
U-9,savannahs,01-12-2018
U-9,lienholder,21-02-2018
U-9,mozzetta,10-01-2014
U-9,monocytic,25-01-2014
U-10,frowsts,20-12-2016
U-10,six-phase,06-12-2013
U-11,xeroxer,05-05-2019
U-11,spans,03-08-2016
U-11,tarrying,27-09-2014
U-11,miffed,23-11-2015
U-12,forces,13-08-2020
U-12,nanodisks,28-07-2017
U-12,sardines,17-09-2017
U-13,alphos,24-02-2020
U-14,womynhood,26-07-2010
U-14,cornlofts,11-12-2018
U-14,petascale,31-08-2001
U-14,malodor,03-01-2013
U-15,bezantée,03-09-2020
U-15,turmit,07-06-2020
U-15,St. Anselm,19-02-2020
U-15,theorist,10-02-2020
U-16,memoirism,30-09-2020
U-17,overtopped,19-09-2018
U-17,levitate,01-04-2019
U-18,kegful,06-11-2019
U-18,spoofs,05-01-2019
U-18,figent,13-04-2019
U-18,salvage,24-08-2019
U-19,drawlingly,26-11-2009
U-19,housecall,21-12-2007
U-20,traera,07-04-2007
U-21,screw,13-06-2015
U-21,pariah,02-10-2009
U-21,wardrove,17-01-2009
U-21,corms,28-12-2004
U-22,anestrus,17-06-2019
U-23,reprints,15-08-2005
U-23,arenavirus,31-05-2005
U-24,calendrics,04-01-2019
U-24,charbocle,28-08-2019
U-24,pronto,28-09-2019
U-25,infrequent,15-09-2020
U-26,pythonism,02-09-2020
U-26,squadroned,28-07-2020
U-27,bells,14-03-2019
U-27,effacement,07-09-2018
U-27,conduritol,06-12-2017
U-28,smooths,17-05-2018
U-28,gemots,04-10-2018
U-29,Creole,24-12-2020
U-29,lactagogue,24-11-2020
U-29,federacy,31-12-2020
U-29,bobcat,27-12-2020
U-30,condop,31-01-2015
U-30,prodigals,16-05-2016
U-30,catalysis,27-05-2011
U-31,caviares,07-10-2017
U-31,immature,12-04-2020
U-31,sperage,06-06-2016
U-32,laughful,22-03-2008
U-32,tufty,29-02-2008
U-33,arrearages,22-05-2019
U-33,tea party,02-03-2019
U-33,mesolabe,24-09-2019
U-34,amorous,08-08-2020
U-34,updated,02-02-2020
U-35,womanisers,14-10-2020
U-35,aldose,16-12-2020
U-35,neocons,02-09-2020
U-35,telehealth,16-06-2020
U-36,Hobbesian,10-12-2012
U-36,gonioscopy,10-10-2019
U-37,sticking,24-03-2005
U-38,unsnarled,20-03-2020
U-38,hakama,05-02-2014
U-38,duration,04-09-2020
U-38,valspeak,09-01-2020
U-39,stoble,22-12-2020
U-39,pulsations,31-03-2020
U-39,concealer,19-03-2020
U-40,turbopump,22-01-2009
U-40,ki-yi,12-09-2014
U-40,safranin,12-08-2015
U-41,no-hit,16-08-2020
U-41,capitule,20-11-2020
U-42,memorating,29-07-2015
U-43,mastigures,05-05-2019
U-43,pocok,30-10-2014
U-43,semifinals,09-12-2017
U-44,tea-room,25-09-2014
U-45,Bulawayo,06-02-2016
U-45,failsafe,26-05-2017
U-45,calibrate,20-11-2018
U-46,fiaschi,19-10-2019
U-46,sheedy,14-12-2018
U-46,lunchpail,10-06-2011
U-46,that'd've,01-09-2019
U-47,minah,09-01-2009
U-47,oceangoing,28-05-2017
U-48,innovation,08-11-2020
U-48,sieve-like,10-05-2020
U-49,sauropods,28-08-2018
U-49,squire,14-12-2018
U-49,dashing,16-07-2017
U-49,first,29-04-2016
U-50,terrorises,22-10-2017
U-50,weaselier,21-10-2019
U-50,homemaker,17-10-2019
U-50,scoring,05-06-2018
U-51,duroy,07-06-2018
U-51,Sokun,02-03-2017
U-51,unalarmed,18-08-2016
U-52,fade-in,22-06-2018
U-52,midwive,25-01-2018
U-52,encloses,12-04-2017
U-53,probation,19-09-2020
U-53,pepper,31-07-2020
U-53,khachkar,13-07-2020
U-53,embalmment,23-07-2020
U-54,tempering,24-04-2019
U-55,comment,23-09-2015
U-55,reship,16-10-2018
U-56,harbourage,28-08-2010
U-56,swaits,02-04-2020
U-56,colt-ill,03-11-2002
U-56,thoria,13-03-2013
U-57,awakener,20-09-2003
U-57,Larry,26-12-2003
U-58,snglguy,11-06-1998
U-59,bating,27-04-2017
U-59,origamis,04-04-2018
U-60,oxfords,28-07-2020
U-60,plenties,10-12-2008
U-60,rastering,17-08-2005
U-61,wampum,15-08-2018
U-61,swimmeret,11-03-2020
U-62,fragm,11-08-2017
U-62,timesaver,24-12-2012
U-63,Icelander,13-07-2020
U-63,tomorrows,25-12-2019
U-63,perruque,08-02-2019
U-63,bell-tower,25-01-2019
U-64,swagmen,25-10-2015
U-64,sourbelly,10-06-2018
U-64,Etruscans,23-11-2012
U-65,defangs,27-03-2017
U-65,thrusting,27-06-2020
U-65,southernly,01-03-2016
U-66,apsidiole,19-12-2018
U-66,unwon,04-08-2019
U-67,pap-bowl,03-01-2017
U-67,trias,24-05-2014
U-67,summoners,14-05-2018
U-68,fall-tube,05-12-2019
U-68,isoamyl,20-09-2018
U-68,fluxility,03-07-2018
U-69,scroll,15-05-2019
U-70,dualisms,28-01-2014
U-70,slidingly,18-12-2008
U-71,toponymy,04-01-2014
U-71,orometric,18-06-2018
U-71,shardy,03-04-2017
U-71,segar,24-06-2016
U-72,mossie,20-05-2020
U-72,underprice,22-11-2018
U-73,uselessly,16-08-2015
U-74,doves,08-06-2015
U-75,Tobin,19-07-2011
U-75,jetways,02-03-2017
U-75,wazzock,15-07-2012
U-75,gaolers,22-07-2004
U-76,trefoils,12-03-2019
U-76,Tropic,24-08-2019
U-77,rootles,21-10-2018
U-77,undecided,01-10-2020
U-77,singsong,23-01-2019
U-78,warpage,04-01-2018
U-78,unbiassed,31-07-2018
U-78,spoonwood,26-12-2018
U-78,terrify,29-01-2019
U-79,ice-saw,21-09-2008
U-79,Dracula,08-11-2014
U-79,jurant,06-05-2014
U-80,brasseries,28-06-2014
U-81,osculation,01-01-2020
U-81,pickoffs,05-08-2020
U-82,yeats,26-12-2020
U-83,tree-moss,29-11-2017
U-83,shakable,14-08-2019
U-83,vernissage,12-06-2019
U-84,matutinary,02-10-2019
U-85,crotchets,03-12-2020
U-85,thermic,16-04-2020
U-86,plosives,16-08-2018
U-86,phymata,05-07-2018
U-86,bubkes,24-02-2019
U-87,swamp-pink,11-05-2018
U-87,whooshed,12-10-2019
U-88,outdanced,23-02-2019
U-88,bawdry,09-08-2014
U-88,zeppelins,08-07-2017
U-88,full-tide,04-07-2008
U-89,surveyed,27-12-2015
U-90,cuissarts,22-05-2014
U-91,month,22-01-2017
U-91,High Point,20-12-2013
U-91,apiculus,08-03-2011
U-92,trimethyl,14-01-2020
U-92,pumped-up,19-09-2020
U-93,southward,08-04-2014
U-94,charn,24-10-2017
U-95,ebbing,07-02-2019
U-95,aspect,25-10-2016
U-95,forked,03-09-2020
U-95,megamaser,15-07-2019
U-96,omniscious,10-12-2020
U-97,cockapoo,01-05-2020
U-97,tailenders,18-06-2017
U-97,uttapams,10-08-2018
U-97,spacesuits,05-04-2019
U-98,interband,02-02-2012
U-98,agnostid,22-04-2011
U-98,undergrove,24-10-2011
U-99,cowpens,28-11-2020
U-99,umbril,12-11-2020
U-99,palliard,25-12-2020
U-99,advances,25-11-2020
U-100,myths,16-08-2017
U-101,pygmoid,07-03-2019
U-102,known,16-06-2020
U-102,inspirator,10-12-2019
U-102,pustulose,10-05-2020
U-102,venefice,03-10-2019
U-103,broadus,30-10-2013
U-103,Garden,22-12-2018
U-104,whereover,09-06-2015
U-104,indicible,17-07-2013
U-105,phoneme,28-04-2020
U-106,hystricine,27-03-2018
U-106,buoyed,14-07-2020
U-107,forelocks,03-08-2018
U-107,table-tomb,04-11-2020
U-108,syllabic,06-01-2007
U-108,v-chip,14-05-2012
U-109,whipsaws,25-11-2019
U-110,superfecta,22-11-2020
U-110,Orphic,16-11-2020
U-110,unprized,29-11-2020
U-110,bigotedly,08-12-2020
U-111,discerner,23-07-2018
U-111,chlordane,21-04-2015
U-111,alright,29-11-2016
U-111,calendulas,05-12-2015
U-112,meagerness,26-03-2002
U-112,dodecagon,03-06-2017
U-112,ambuscado,30-06-2010
U-113,jelab,03-03-2020
U-113,pyxes,13-02-2020
U-113,unplat,30-05-2020
U-114,fantasised,27-11-2020
U-114,firetail,25-07-2018
U-114,squamously,24-06-2014
U-114,fallal,06-09-2020
U-115,enjoins,05-10-2019
U-115,waste-well,21-09-2019
U-116,thermister,10-07-2016
U-116,swilled,15-01-2017
U-116,argala,02-05-2020
U-117,lengths,05-06-2019
U-117,publicize,27-05-2018
U-118,scalped,19-10-2020
U-118,differeth,09-10-2020
U-118,fervent,13-11-2020
U-118,settling,16-10-2020
U-119,grizzlies,27-07-2016
U-119,decanoate,29-05-2019
U-119,square-leg,04-11-2017
U-120,separate,30-12-2018
U-121,Korean War,07-10-2003
U-121,icefall,18-06-2003
U-122,dislikes,11-04-2019
U-122,KwaZulu,12-09-2017
U-123,patriotism,08-12-2004
U-123,limestone,15-08-2001
U-123,hence,11-11-2014
U-124,graffer,14-11-2020
U-124,wireheads,15-11-2020
U-125,re-users,20-10-2019
U-125,Zhou Enlai,29-01-2019
U-125,towelheads,30-05-2020
U-126,hammerings,28-10-2020
U-126,dunging,25-11-2020
U-127,cadus,04-12-2020
U-127,haste,16-02-2019
U-127,hydrazide,20-12-2020
U-127,reannex,11-07-2019
U-128,spewer,03-10-2020
U-128,groundage,20-08-2019
U-128,nonskier,23-11-2019
U-129,Usumacinta,22-01-2020
U-129,pricketh,12-01-2020
U-130,defaulting,09-12-2016
U-130,loggat,27-06-2017
U-131,Zigoni,03-06-2017
U-132,emaculate,21-11-2020
U-132,out-herod,06-09-2020
U-132,subsidency,11-09-2020
U-133,firesides,12-01-2004
U-134,dealy,18-09-2017
U-134,tomentose,03-12-2018
U-134,cheeper,23-07-2019
U-135,townscape,21-10-2018
U-135,imbed,26-05-2019
U-135,Mongolians,11-05-2019
U-136,amassers,07-01-2014
U-136,foeman,10-07-2014
U-136,topologist,02-09-2020
U-137,brath,10-02-2015
U-137,beatee,19-06-2015
U-137,congruent,25-02-2014
U-137,key-point,15-05-2016
U-138,unhooks,09-11-2015
U-139,uncurving,19-07-2017
U-139,managing,11-08-2013
U-139,crost,28-02-2016
U-140,chart-room,09-09-2019
U-140,chloralum,30-10-2020
U-140,anaemia,10-07-2019
U-141,sunscreens,08-09-2018
U-141,bicyclers,16-10-2017
U-141,uniovulate,29-07-2015
U-142,coxswains,12-07-2009
U-142,aqualung,11-02-2004
U-143,triptan,14-01-2009
U-143,right,13-12-2014
U-143,ultrasmall,04-12-2018
U-143,rollicked,19-08-2013
U-144,descriptor,04-08-2020
U-144,quartzites,17-09-2020
U-144,embrowns,08-12-2020
U-145,alveolate,08-09-2015
U-145,thyrse,26-12-2017
U-146,clamations,17-11-2017
U-146,buckramed,27-10-2008
U-146,developed,13-02-2009
U-147,multiplet,09-01-2018
U-147,planners,01-08-2020
U-147,telos,30-05-2015
U-148,PHOSITA,17-06-2019
U-148,untrouble,22-07-2019
U-149,alcaide,27-05-2010
U-150,whooper,04-08-2017
U-150,foxhounds,12-09-2018
U-151,annoyingly,13-08-2014
U-151,loosens,10-10-2013
U-151,toxoids,14-12-2009
U-151,wayfared,16-11-2013
U-152,ticked,17-09-2011
U-152,rondelet,28-02-2012
U-153,unhindered,28-06-2018
U-154,cuttage,05-07-2018
U-154,mystifiers,01-09-2020
U-154,dilater,04-08-2017
U-154,unaimed,10-05-2019
U-155,increate,21-12-2007
U-155,plateful,25-01-2017
U-155,pleomorphy,18-01-2020
U-156,unsurfaced,11-12-2020
U-156,propassion,19-09-2019
U-157,iniquity,21-07-2011
U-157,triangled,18-07-2020
U-158,volumetry,22-09-2020
U-158,coexisting,13-05-2018
U-159,criticises,17-01-2019
U-159,brickyards,16-05-2019
U-159,tonality,04-03-2020
U-160,dolefull,10-04-2019
U-161,mullions,21-05-2019
U-161,monologic,13-04-2019
U-161,wattling,20-09-2020
U-161,figuration,25-01-2020
U-162,iron-grey,30-09-2017
U-162,stopple,27-10-2020
U-162,detaining,19-03-2016
U-163,crouched,14-10-2013
U-163,unfisted,27-08-2015
U-163,reproduce,19-07-2019
U-164,mumbly,20-09-2020
U-164,pulsating,07-08-2019
U-164,Aurelia,04-10-2020
U-164,lace-paper,19-03-2020
U-165,wistfully,25-11-2020
U-165,equipotent,19-05-2018
U-165,queried,20-10-2009
U-165,rough-sand,22-03-2004
U-166,visualizer,03-02-2018
U-166,unbribable,06-11-2014
U-167,syngonium,15-09-2015
U-167,brawning,30-11-2019
U-167,princekin,07-02-2018
U-167,stall-fed,28-01-2015
U-168,rufescent,11-05-2003
U-168,twanging,11-02-2005
U-168,stern-port,04-07-2019
U-169,abdicates,14-11-2019
U-169,catchfly,08-02-2020
U-169,asymptote,03-09-2017
U-170,canvassing,20-06-2006
U-171,shedule,24-07-2007
U-171,xanthan,12-02-2013
U-172,wirier,05-09-2011
U-172,costless,14-08-2017
U-172,alonest,08-01-2009
U-172,poorer,16-04-2011
U-173,motel,10-05-2015
U-173,stigmatise,19-05-2015
U-174,purple,25-03-2017
U-174,threadfin,21-04-2019
U-174,votively,20-09-2018
U-174,wall-light,09-11-2016
U-175,petrary,02-06-2017
U-176,horsie,08-02-2019
U-176,Mahmoud,06-08-2020
U-176,Slovaks,15-06-2017
U-176,valuated,18-03-2018
U-177,semper,02-11-2009
U-177,rackwork,19-06-2017
U-178,Alabaman,10-10-2020
U-178,porphyria,14-06-2016
U-178,euphorbias,16-06-2019
U-179,obscenity,30-12-2018
U-179,wordlessly,20-05-2019
U-179,zinnias,09-10-2020
U-179,wailful,07-04-2019
U-180,couple,22-07-2013
U-180,rearm,28-07-2014
U-180,chafron,17-11-2015
U-180,ear-like,19-07-2018
U-181,invitiate,20-10-2019
U-181,tagster,06-11-2008
U-181,achaete,12-12-2018
U-181,razorless,09-12-2011
U-182,unabased,25-09-2020
U-183,fireboard,25-06-2018
U-184,ecthyma,27-01-2013
U-184,compos,18-07-2009
U-185,actinium,09-12-2020
U-185,angelicals,09-12-2020
U-185,brassies,23-12-2020
U-186,downtrod,10-11-2020
U-186,threswold,22-11-2020
U-186,uneared,02-06-2019
U-186,indictment,26-03-2020
U-187,haughtily,23-05-2020
U-187,portly,29-08-2019
U-187,unvacated,21-10-2020
U-187,hankle,06-11-2019
U-188,cange,26-12-2015
U-189,autologous,14-12-2020
U-189,inventing,05-11-2018
U-190,loyal,18-09-2020
U-190,reductor,24-09-2020
U-191,sunlighted,19-06-2010
U-192,diarize,25-07-2020
U-192,homemaker,03-04-2017
U-192,nonwhite,20-09-2017
U-192,heptagons,10-09-2018
U-193,six-wired,11-08-2003
U-193,briarroot,06-08-2010
U-193,adrogation,27-11-2014
U-193,Gentiana,28-07-2012
U-194,codesigned,27-01-2017
U-194,tapered,28-12-2020
U-194,bottlehead,27-02-2020
U-195,despoil,21-07-2020
U-195,vomitive,24-11-2020
U-195,invariably,27-03-2020
U-195,popsmith,02-12-2019
U-196,hydrolyse,25-10-2018
U-196,write-in,28-08-2018
U-196,manuterges,25-12-2018
U-197,tidbit,28-11-2017
U-198,Deutzia,09-09-2009
U-199,Brahmanas,07-07-2017
U-200,Celticism,27-07-2008
U-200,mumble,05-01-2013
U-200,paddler,31-08-2017
U-200,aclinical,10-05-2010
U-201,pyromania,07-09-2015
U-202,septated,09-07-2018
U-202,mirepoix,16-12-2012
U-202,sensorium,09-09-2020
U-203,Alley Oop,07-08-2019
U-203,peperomia,13-01-2019
U-203,tinged,12-05-2020
U-203,wastelands,22-09-2018
U-204,hypoxemia,30-11-2019
U-204,unexceeded,16-11-2019
U-205,outcast,26-06-2020
U-205,skewness,15-07-2020
U-206,skelly,19-12-2010
U-206,prawned,25-04-2005
U-206,horn-core,30-12-2013
U-207,Felixstowe,02-05-2019
U-207,life-day,14-06-2017
U-207,messenger,04-05-2018
U-208,Nidhogg,24-01-2018
U-208,inlaws,05-06-2018
U-209,combatable,24-05-2020
U-209,jokester,20-02-2017
U-209,affrontive,14-03-2020
U-209,deskmates,28-11-2020
U-210,commutable,29-05-2008
U-211,lion-fish,18-07-2015
U-211,decanal,03-03-2018
U-212,monture,03-12-2015
U-212,harvesters,02-08-2010
U-213,coking,15-03-2020
U-214,WAAAAAYYYY,01-09-2019
U-215,boosts,07-12-2020
U-215,jampack,04-12-2020
U-216,galago,30-01-2003
U-216,metalleity,12-07-2015
U-217,adapters,06-07-2011
U-217,tomorrows,21-10-2018
U-217,chronicon,24-05-2012
U-218,emanated,27-06-2019
U-219,fered,27-07-2019
U-219,renamings,12-04-2020
U-220,bracteate,13-06-2017
U-220,chickera,26-05-2020
U-220,antichains,22-01-2017
U-221,cherish,26-05-2020
U-221,forehold,19-10-2020
U-221,queried,12-07-2020
U-221,idolaters,15-06-2020
U-222,pipefishes,28-12-2019
U-222,verbalizer,05-12-2017
U-223,two-thirds,15-11-2007
U-223,ribald,09-09-2020
U-223,head-tone,03-08-2016
U-223,poulaine,25-05-2018
U-224,candlepins,06-02-2020
U-224,redcedar,18-10-2015
U-224,doper,07-12-2015
U-225,nowhither,15-10-2020
U-226,fringe,27-04-2017
U-226,motherly,02-12-2017
U-226,graphical,17-10-2018
U-226,measurand,16-02-2014
U-227,linguistry,26-01-2015
U-227,gaffs,17-01-2016
U-227,rhytides,28-10-2018
U-228,formatore,31-05-2017
U-228,lingle,03-04-2018
U-228,cycler,13-04-2017
U-229,autofocus,15-06-2013
U-229,sodomizers,03-02-2018
U-229,walked,25-01-2016
U-230,avicidal,25-04-2015
U-230,hymnist,30-01-2011
U-231,exultation,25-12-2018
U-231,unshipment,27-10-2019
U-232,penpusher,23-01-2020
U-233,cankeredly,14-11-2011
U-234,pastillage,06-11-2020
U-235,pluralisms,19-07-2015
U-235,caseinate,13-10-2016
U-236,lightened,07-06-2020
U-236,crabro,23-10-2019
U-236,Pijin,19-06-2020
U-237,beachless,11-11-2020
U-237,HashSet,07-11-2020
U-238,deathtrap,09-06-2008
U-239,sanguify,29-08-2019
U-239,brent-new,14-12-2019
U-239,primer,13-10-2018
U-240,bowline,17-07-2010
U-240,proponents,18-01-2018
U-240,stopword,24-04-2014
U-240,tawny,07-04-2018
U-241,borehole,14-08-2012
U-241,stadion,30-06-2009
U-241,Calabria,05-02-2007
U-241,190mm,02-03-2012
U-242,genially,23-11-2005
U-243,scourings,24-05-2018
U-243,lousier,06-04-2013
U-244,fillips,14-06-2017
U-244,bird-nest,08-07-2020
U-244,sacculine,08-03-2018
U-245,basals,20-08-2020
U-245,makeovers,11-05-2019
U-245,orphic,05-12-2019
U-245,tungsten,08-01-2020
U-246,selvagee,13-03-2018
U-247,Gnawa,17-02-2019
U-248,Franglais,21-07-2019
U-248,sportsman,26-03-2013
U-249,remolding,12-04-2013
U-249,vomiter,06-03-2020
U-249,shroom,19-10-2020
U-249,Neimans,26-12-2013
U-250,no-par,27-01-2016
U-250,redlines,09-02-2018
U-250,tile-works,12-10-2019
U-251,selfenergy,22-08-2020
U-251,corned,25-01-2020
U-251,slowmatch,23-12-2020
U-252,footglove,03-02-2011
U-252,represent,20-10-2010
U-253,gamay,26-02-2016
U-254,drapes,23-08-2003
U-254,boobless,23-02-2006
U-254,taxis,27-02-2017
U-255,tincal,05-12-2008
U-255,undeviated,06-04-2009
U-256,jubilantly,28-01-2018
U-256,Dacian,24-02-2019
U-257,mouldboard,11-07-2017
U-257,harakeke,09-09-2017
U-257,inosuria,26-11-2017
U-257,fly-fungus,04-05-2017
U-258,socketed,06-08-2020
U-259,tinnies,05-11-2018
U-259,bluet,28-01-2019
U-259,aerators,09-02-2020
U-259,turndun,27-06-2019
U-260,luciferous,13-01-2019
U-260,avocadoes,09-11-2019
U-260,turncoats,20-12-2018
U-261,pitchers,27-10-2017
U-261,detangled,04-02-2020
U-261,archaic,25-04-2018
U-262,perfecti,15-06-2016
U-263,coldcocked,10-02-2018
U-263,eagle-hawk,19-04-2020
U-263,impendent,26-01-2020
U-264,rules,14-11-2002
U-265,uh-uh,19-12-2020
U-265,trickled,25-06-2020
U-265,unplant,26-08-2020
U-266,shome,29-09-2019
U-266,coquettish,10-07-2016
U-266,croissante,15-08-2018
U-266,boy-crazy,17-01-2020
U-267,elaphe,14-10-2019
U-268,minimises,21-11-2020
U-268,proto-,28-09-2020
U-268,præserve,24-08-2020
U-268,stylings,03-12-2020
U-269,conferment,14-10-2018
U-269,cookers,20-04-2019
U-270,albacores,03-04-2017
U-271,ease-off,25-09-2020
U-271,reefs,31-03-2019
U-272,bavardage,11-01-2012
U-272,illest,04-02-2018
U-272,renown,01-08-2013
U-273,prettiness,25-11-2014
U-273,smudges,25-08-2020
U-273,sledded,16-10-2013
U-274,modally,24-03-2010
U-274,descanter,07-04-2015
U-275,swapfile,27-05-2019
U-275,bustles,29-09-2019
U-275,twight,08-07-2019
U-276,seashore,06-05-2019
U-277,lorded,29-10-2018
U-278,imprecate,02-09-2019
U-279,zephyrs,25-09-2020
U-279,uncessant,24-03-2019
U-279,Leander,03-04-2020
U-279,vegelate,02-12-2019
U-280,bookbags,12-10-2017
U-281,damoclean,23-12-2009
U-282,dithyramb,09-01-2020
U-282,pantaloon,11-11-2016
U-283,wallah,29-09-2017
U-283,trillo,28-10-2020
U-283,divvied,24-05-2020
U-283,familism,25-01-2015
U-284,clickiness,03-06-2017
U-284,gengineers,05-07-2020
U-285,yukkier,25-03-2018
U-285,wriggly,10-02-2019
U-285,fatsuits,26-10-2018
U-285,broadus,17-12-2018
U-286,Guevara,13-06-2020
U-286,coplanar,04-10-2019
U-287,15-for-24,04-10-2020
U-287,roster,02-05-2019
U-288,colorizes,21-05-2019
U-288,meconin,02-10-2019
U-288,operate,30-10-2018
U-288,coomed,14-06-2019
U-289,Ryann,16-10-2011
U-289,tonsils,01-03-2016
U-290,cRNAs,01-03-2020
U-290,oestrus,04-06-2020
U-290,warming,08-07-2019
U-291,tropel,20-02-2016
U-291,deprive,19-08-2012
U-291,tea-scrub,08-03-2019
U-292,dioceses,30-10-2019
U-292,moonlets,07-04-2014
U-292,maleo,12-02-2016
U-292,rindle,14-06-2020
U-293,insole,01-08-2020
U-293,Decapods,15-05-2020
U-293,coleus,30-09-2019
U-293,transcribe,02-06-2020
U-294,actinism,10-11-2018
U-294,waitress,06-03-2019
U-294,asclepiad,05-01-2020
U-295,effulgent,25-12-2016
U-295,breakneck,01-02-2015
U-295,pashaliks,11-10-2015
U-295,germon,19-05-2020
U-296,detainee,09-11-2016
U-297,lylab,08-12-2019
U-298,zwiebacks,11-10-2020
U-298,squire,09-08-2020
U-298,chivy,25-10-2020
U-298,gamesome,18-09-2020
U-299,conoid,03-07-2017
U-300,straggled,28-05-2017
U-300,cretinized,11-12-2016
U-300,fetched,17-02-2017
