ID,Language
U-1,Python
U-1,JavaScript
U-2,Kotlin
U-2,JavaScript
U-2,Python
U-3,C#
U-3,JavaScript
U-3,Java
U-3,C++
U-4,Kotlin
U-4,Python
U-5,C
U-6,Kotlin
U-6,C++
U-6,C#
U-7,Kotlin
U-8,Python
U-8,C
U-8,Kotlin
U-8,JavaScript
U-9,Kotlin
U-9,C#
U-9,Java
U-9,JavaScript
U-10,Java
U-10,JavaScript
U-10,C++
U-11,Python
U-11,C#
U-11,Java
U-12,Java
U-12,Kotlin
U-13,C
U-13,C++
U-14,C#
U-14,JavaScript
U-14,Java
U-15,Kotlin
U-16,Java
U-16,C#
U-16,Python
U-17,Java
U-17,Python
U-17,C++
U-18,Kotlin
U-19,C#
U-19,JavaScript
U-20,JavaScript
U-20,C#
U-20,C++
U-20,Java
U-20,Python
U-21,C
U-21,JavaScript
U-21,C#
U-22,Python
U-23,Java
U-23,JavaScript
U-23,C++
U-24,JavaScript
U-24,Java
U-25,C
U-25,Python
U-25,Kotlin
U-26,C++
U-26,Kotlin
U-26,Java
U-26,JavaScript
U-27,C
U-27,C++
U-28,C++
U-28,Kotlin
U-28,Java
U-28,C#
U-29,Java
U-30,C
U-31,Python
U-31,Kotlin
U-31,C++
U-32,Java
U-33,Java
U-33,JavaScript
U-34,C++
U-34,C
U-34,JavaScript
U-35,C++
U-35,Java
U-36,Java
U-36,C#
U-37,C#
U-37,Python
U-37,C
U-37,C++
U-38,Kotlin
U-39,Java
U-39,C++
U-39,Python
U-40,Python
U-41,C#
U-41,JavaScript
U-41,Java
U-42,C++
U-43,Kotlin
U-43,C#
U-43,Python
U-44,JavaScript
U-44,C
U-45,C
U-45,Python
U-45,C++
U-46,Python
U-46,C
U-46,Kotlin
U-46,C#
U-47,Kotlin
U-47,Python
U-48,C++
U-48,Python
U-48,Java
U-49,Kotlin
U-50,Kotlin
U-51,Python
U-51,Kotlin
U-51,C++
U-51,Java
U-52,Kotlin
U-52,Python
U-53,C
U-53,C++
U-53,Java
U-53,C#
U-54,C#
U-54,Python
U-54,Java
U-55,Java
U-55,Kotlin
U-55,C#
U-55,C++
U-55,JavaScript
U-56,C#
U-57,Python
U-58,Java
U-58,C++
U-58,Python
U-59,C
U-59,C++
U-59,C#
U-60,C#
U-60,Kotlin
U-61,C
U-61,Python
U-61,Java
U-61,C++
U-62,JavaScript
U-62,Kotlin
U-63,Kotlin
U-63,Java
U-63,C#
U-64,JavaScript
U-64,C#
U-65,C
U-65,JavaScript
U-66,Java
U-66,C++
U-67,Python
U-67,Java
U-68,Kotlin
U-68,C#
U-69,JavaScript
U-69,Java
U-69,C++
U-69,Python
U-70,Kotlin
U-70,C
U-71,C
U-71,Python
U-71,Kotlin
U-71,C++
U-72,Java
U-72,C
U-72,JavaScript
U-73,Python
U-73,C++
U-73,C
U-74,JavaScript
U-75,Java
U-75,Kotlin
U-76,C#
U-76,C
U-77,Python
U-77,Kotlin
U-77,Java
U-78,JavaScript
U-78,Kotlin
U-78,Java
U-79,JavaScript
U-79,Java
U-80,Kotlin
U-80,Python
U-80,C
U-81,C++
U-81,Python
U-81,Java
U-82,Python
U-82,C++
U-83,C
U-83,JavaScript
U-83,Kotlin
U-83,C#
U-84,C++
U-84,JavaScript
U-84,Java
U-85,Java
U-85,C++
U-86,C++
U-87,C++
U-87,C
U-87,C#
U-88,C#
U-88,JavaScript
U-88,C
U-89,Kotlin
U-89,JavaScript
U-90,C
U-90,C#
U-91,Kotlin
U-92,Python
U-92,Kotlin
U-92,C++
U-93,Java
U-93,JavaScript
U-93,Python
U-94,Python
U-94,C++
U-94,C
U-95,Kotlin
U-95,Python
U-95,C++
U-95,JavaScript
U-96,C++
U-96,Java
U-96,JavaScript
U-96,Kotlin
U-96,Python
U-97,JavaScript
U-97,Java
U-97,Python
U-98,C#
U-98,C
U-98,C++
U-98,Java
U-99,C++
U-99,Python
U-100,Java
U-100,Kotlin
U-101,C++
U-102,Python
U-103,Python
U-104,C++
U-104,C
U-104,Python
U-105,JavaScript
U-106,Kotlin
U-107,Python
U-108,Kotlin
U-108,C++
U-109,JavaScript
U-109,Java
U-109,Kotlin
U-109,C++
U-110,C++
U-110,Kotlin
U-110,Java
U-111,Python
U-112,C
U-113,C
U-113,Java
U-114,C
U-115,Java
U-115,JavaScript
U-116,C++
U-116,C
U-116,C#
U-117,Kotlin
U-118,C#
U-118,Python
U-118,JavaScript
U-119,JavaScript
U-119,Python
U-120,Python
U-120,JavaScript
U-121,C++
U-121,C#
U-121,Java
U-122,Kotlin
U-123,Kotlin
U-124,JavaScript
U-124,Python
U-124,C
U-124,Java
U-125,C#
U-125,C++
U-125,Python
U-125,Java
U-126,C#
U-126,Python
U-126,C
U-127,C
U-128,JavaScript
U-128,Kotlin
U-128,C
U-129,C
U-129,C#
U-130,Kotlin
U-130,C#
U-130,C++
U-130,JavaScript
U-131,JavaScript
U-131,C++
U-131,Java
U-132,C++
U-132,Java
U-132,Kotlin
U-132,C
U-133,JavaScript
U-133,C#
U-133,Kotlin
U-134,Java
U-134,C++
U-134,Python
U-134,Kotlin
U-134,C
U-135,C
U-135,JavaScript
U-135,Kotlin
U-135,Python
U-135,C++
U-136,C#
U-137,Java
U-138,JavaScript
U-138,Kotlin
U-139,Kotlin
U-140,C
U-140,C++
U-141,C
U-142,Python
U-142,Kotlin
U-142,C#
U-143,Kotlin
U-143,Python
U-143,C
U-144,C#
U-144,Python
U-144,C
U-145,C++
U-146,Java
U-147,Java
U-147,C#
U-147,C++
U-147,JavaScript
U-148,Python
U-148,C
U-148,C#
U-148,C++
U-149,Python
U-149,JavaScript
U-149,Kotlin
U-149,C#
U-150,Java
U-150,C++
U-151,JavaScript
U-151,C#
U-152,Kotlin
U-152,C++
U-152,C
U-152,Python
U-153,C
U-153,Kotlin
U-154,JavaScript
U-154,C++
U-155,JavaScript
U-155,Kotlin
U-156,C++
U-156,JavaScript
U-157,Kotlin
U-158,JavaScript
U-158,C#
U-159,JavaScript
U-160,C
U-160,C#
U-161,JavaScript
U-162,Kotlin
U-162,C#
U-163,C++
U-164,Python
U-164,C
U-165,C
U-166,C
U-166,C#
U-166,JavaScript
U-167,C#
U-167,C
U-168,C#
U-168,Kotlin
U-168,JavaScript
U-168,Java
U-169,C++
U-169,JavaScript
U-170,C
U-171,Java
U-171,C
U-171,Python
U-172,C++
U-172,JavaScript
U-173,JavaScript
U-173,Java
U-173,C
U-174,C#
U-174,Kotlin
U-175,Kotlin
U-176,C++
U-176,Python
U-176,C#
U-177,Python
U-177,Java
U-177,C
U-177,C++
U-178,JavaScript
U-178,C
U-178,C#
U-179,C++
U-179,JavaScript
U-179,C#
U-179,Python
U-180,Python
U-180,Kotlin
U-180,C
U-181,Kotlin
U-181,JavaScript
U-182,JavaScript
U-183,C#
U-183,C++
U-183,Java
U-184,Kotlin
U-185,JavaScript
U-186,C++
U-186,Java
U-186,C
U-187,Kotlin
U-187,Java
U-187,Python
U-188,JavaScript
U-188,C
U-188,Java
U-189,Kotlin
U-189,Python
U-189,Java
U-189,C
U-189,JavaScript
U-190,JavaScript
U-190,C#
U-190,C++
U-190,Java
U-191,Java
U-191,C++
U-191,Kotlin
U-192,Java
U-193,Java
U-193,Python
U-193,Kotlin
U-194,C#
U-194,C
U-195,C#
U-195,Java
U-196,C
U-196,Python
U-196,Kotlin
U-196,C#
U-197,Python
U-198,Python
U-198,C
U-198,JavaScript
U-198,Kotlin
U-199,Java
U-199,Python
U-200,C++
U-200,C
U-201,JavaScript
U-202,Kotlin
U-203,Kotlin
U-203,Java
U-203,C#
U-203,C++
U-203,C
U-204,Python
U-205,C++
U-205,Python
U-205,Java
U-205,JavaScript
U-206,C++
U-206,Python
U-207,Kotlin
U-207,C#
U-207,Java
U-207,Python
U-208,C#
U-208,Python
U-208,Java
U-209,C
U-210,C
U-210,C#
U-210,Python
U-211,C++
U-211,JavaScript
U-212,C++
U-212,Java
U-212,JavaScript
U-213,Java
U-213,Python
U-213,JavaScript
U-213,C#
U-214,Java
U-214,Kotlin
U-214,JavaScript
U-214,C
U-215,C#
U-216,Kotlin
U-217,Kotlin
U-218,C++
U-218,C#
U-218,Kotlin
U-219,JavaScript
U-219,C
U-220,JavaScript
U-220,C++
U-220,C
U-220,Kotlin
U-221,Java
U-221,JavaScript
U-221,C
U-222,JavaScript
U-222,C++
U-222,C
U-223,C#
U-223,Java
U-224,C++
U-224,JavaScript
U-225,JavaScript
U-225,Java
U-225,C#
U-226,Java
U-226,Python
U-227,JavaScript
U-227,Kotlin
U-228,C++
U-228,C#
U-229,C#
U-230,JavaScript
U-230,Python
U-230,Java
U-231,C
U-232,C#
U-232,C++
U-233,Kotlin
U-233,C
U-234,Kotlin
U-234,Python
U-234,C#
U-235,C#
U-235,C
U-235,Kotlin
U-236,JavaScript
U-236,C#
U-237,C#
U-237,Python
U-238,C#
U-238,Kotlin
U-238,C++
U-238,C
U-238,Python
U-239,C
U-239,JavaScript
U-239,C#
U-240,C#
U-240,JavaScript
U-240,C
U-241,Java
U-241,JavaScript
U-241,Python
U-242,C#
U-242,C
U-242,Kotlin
U-242,JavaScript
U-243,C
U-243,C++
U-243,C#
U-244,Java
U-244,C++
U-245,Java
U-245,Kotlin
U-246,Kotlin
U-246,Java
U-247,C++
U-247,C#
U-247,Kotlin
U-248,C#
U-248,C
U-248,C++
U-248,Python
U-249,Kotlin
U-249,Python
U-250,C++
U-250,Python
U-251,Kotlin
U-251,Python
U-251,C++
U-251,C
U-252,JavaScript
U-252,Java
U-253,Kotlin
U-254,C#
U-255,C#
U-255,C
U-256,C#
U-256,JavaScript
U-257,JavaScript
U-257,Java
U-258,Java
U-258,C
U-259,Java
U-259,Python
U-260,Java
U-260,JavaScript
U-261,C++
U-261,JavaScript
U-261,Java
U-262,C++
U-262,Kotlin
U-262,Python
U-263,JavaScript
U-263,Python
U-263,Kotlin
U-264,JavaScript
U-264,Python
U-264,Kotlin
U-265,Java
U-265,C++
U-265,C#
U-265,JavaScript
U-266,Kotlin
U-266,JavaScript
U-266,Java
U-266,C
U-267,Java
U-267,C#
U-268,Kotlin
U-268,C
U-269,Kotlin
U-269,JavaScript
U-269,C#
U-270,Python
U-270,JavaScript
U-270,C
U-270,C#
U-270,Kotlin
U-271,Java
U-272,Java
U-272,C
U-272,C++
U-273,JavaScript
U-274,JavaScript
U-274,Python
U-275,Java
U-275,C#
U-276,C#
U-276,JavaScript
U-277,JavaScript
U-277,Java
U-278,C++
U-278,Kotlin
U-278,C
U-279,C#
U-279,C
U-279,C++
U-280,Kotlin
U-280,Python
U-281,JavaScript
U-282,Python
U-282,Java
U-282,JavaScript
U-283,JavaScript
U-283,Python
U-283,C
U-283,C#
U-284,C#
U-284,JavaScript
U-285,Kotlin
U-285,C#
U-286,JavaScript
U-286,Python
U-286,C#
U-287,Kotlin
U-287,Python
U-287,C#
U-287,C
U-288,C#
U-288,C
U-288,Kotlin
U-289,Kotlin
U-289,C
U-289,C++
U-290,Java
U-290,JavaScript
U-291,Python
U-291,C
U-291,JavaScript
U-291,Kotlin
U-292,C++
U-292,JavaScript
U-293,Java
U-294,C
U-295,JavaScript
U-295,C
U-295,Python
U-295,C++
U-296,C++
U-296,Python
U-297,Python
U-298,Kotlin
U-298,Python
U-298,Java
U-299,JavaScript
U-300,Python
U-300,Kotlin
U-300,C++
